Datetime,Banda_A,Banda_B,Banda_C
2026-08-11 12:00:00,183.09444444,83.44347222,36.39444444
2026-08-11 13:00:00,183.70850000,84.96819444,36.61871111
2026-08-11 14:00:00,184.79988889,86.56213889,36.67943889
2026-08-11 15:00:00,184.41469444,87.45847222,35.87317778
2026-08-11 16:00:00,182.04216667,87.13022222,34.54270000
2026-08-11 17:00:00,179.08616667,85.97752778,33.51806111
2026-08-11 18:00:00,177.37366667,85.05436111,33.18102778
2026-08-11 19:00:00,177.31633333,84.96583333,33.23774167
2026-08-11 20:00:00,177.88061111,85.31025000,33.31511667
2026-08-11 21:00:00,178.16823529,85.51023669,33.32588235
2026-08-11 23:00:00,172.05000000,72.40311927,34.46550459
2026-08-12 00:00:00,172.03386111,72.65055556,34.18633889
2026-08-12 01:00:00,172.03597222,74.60788889,33.70296111
2026-08-12 02:00:00,172.16333333,78.15227778,33.52045278
2026-08-12 03:00:00,172.35891667,81.39952778,33.70798056
2026-08-12 04:00:00,172.47547222,82.42761111,33.92887500
2026-08-12 05:00:00,172.48308333,81.01269444,33.95145833
2026-08-12 06:00:00,172.45769444,78.75636111,33.87029167
2026-08-12 07:00:00,172.44973684,77.52069444,33.82625877
2026-08-12 09:00:00,177.22596639,79.38927778,31.72227311
2026-08-12 10:00:00,177.25580556,80.80338889,31.71090000
2026-08-12 11:00:00,177.27037383,81.63763889,31.70309346
2026-08-12 13:00:00,180.69940341,82.97950000,33.40427557
2026-08-12 14:00:00,181.42450000,84.40375000,34.15795833
2026-08-12 15:00:00,181.68175000,85.59986111,34.28712778
2026-08-12 16:00:00,180.80541667,85.42813889,33.22914167
2026-08-12 17:00:00,179.10150000,83.89569444,31.46603056
2026-08-12 18:00:00,177.75791667,82.43686111,30.21570556
2026-08-12 19:00:00,177.57227778,82.21500000,30.09803611
2026-08-12 20:00:00,178.04200000,82.75713889,30.52789444
2026-08-12 21:00:00,178.34122995,83.10564516,30.77553476
2026-08-12 23:00:00,172.21203883,78.60271845,32.27017476
2026-08-13 00:00:00,172.28222222,78.95366667,32.21663889
2026-08-13 01:00:00,172.88675000,79.57833333,32.07400000
2026-08-13 02:00:00,173.96052925,79.64735376,31.87104178
2026-08-13 03:00:00,175.02108333,78.94025000,31.83838056
2026-08-13 04:00:00,175.63000000,77.93730556,32.05634722
2026-08-13 05:00:00,175.72044444,77.02930556,32.21690556
2026-08-13 06:00:00,175.58116667,76.24519444,32.15117778
2026-08-13 07:00:00,175.48939024,75.71125000,32.04050000
2026-08-13 09:00:00,178.15395556,75.68033333,35.08100000
2026-08-13 10:00:00,178.17702778,75.56969444,35.08095556
2026-08-13 11:00:00,178.19031250,75.62461111,35.08008594
2026-08-13 13:00:00,178.03320359,78.98897222,32.05384132
2026-08-13 14:00:00,177.71036111,81.87063889,32.17460278
2026-08-13 15:00:00,177.71475000,84.40108333,32.30609722
2026-08-13 16:00:00,177.86525000,86.04705556,32.28393889
2026-08-13 17:00:00,177.20600000,86.53594444,32.09135833
2026-08-13 18:00:00,175.36580556,85.46944444,31.77481667
2026-08-13 19:00:00,173.54691667,82.54683333,31.47230833
2026-08-13 20:00:00,173.11736111,78.38394444,31.37281111
2026-08-13 21:00:00,173.71691667,74.72330556,31.45983611
2026-08-13 22:00:00,174.18149780,73.25138889,31.54514097
2026-08-13 23:00:00,174.94356322,74.15194444,31.43142529
2026-08-14 00:00:00,175.45566667,76.18375000,31.51577778
2026-08-14 01:00:00,176.82527778,78.06361111,31.98615833
2026-08-14 02:00:00,178.24825000,79.37550000,32.83370000
2026-08-14 03:00:00,178.96494444,80.24044444,33.66010556
2026-08-14 04:00:00,178.94677778,80.70466667,34.07953333
2026-08-14 05:00:00,178.79358333,80.74644444,34.10522500
2026-08-14 06:00:00,178.84775000,80.52925000,34.01475000
2026-08-14 07:00:00,178.96064885,80.29111111,33.97496947
2026-08-14 09:00:00,177.59345622,79.94819444,33.88308295
2026-08-14 10:00:00,177.65086111,79.75836111,33.90251667
2026-08-14 11:00:00,177.71330233,79.71883333,33.92194884
2026-08-14 13:00:00,183.05570552,82.28097222,35.11967178
2026-08-14 14:00:00,183.08172222,85.12750000,35.41227222
2026-08-14 15:00:00,182.49186111,87.51069444,35.85292500
2026-08-14 16:00:00,181.33838889,88.04566667,35.92098333
2026-08-14 17:00:00,180.13591667,86.81988889,35.36552500
2026-08-14 18:00:00,179.41602778,85.40430556,34.68265556
2026-08-14 19:00:00,179.31138889,85.09663889,34.51088056
2026-08-14 20:00:00,179.50088889,85.57711111,34.75446389
2026-08-14 21:00:00,179.62941441,85.93108108,34.94313514
2026-08-14 23:00:00,172.42444444,77.86513889,31.93161111
2026-08-15 00:00:00,172.68905556,77.81822222,32.31752778
2026-08-15 01:00:00,173.46422222,78.05666667,33.38224722
2026-08-15 02:00:00,174.34616667,78.84750000,34.19761389
2026-08-15 03:00:00,175.02183333,80.06450000,34.12507500
2026-08-15 04:00:00,175.43105556,81.43713889,33.62388889
2026-08-15 05:00:00,175.57358333,82.72027778,33.46063611
2026-08-15 06:00:00,175.52105556,83.67050000,33.66026944
2026-08-15 07:00:00,175.43676157,84.15511111,33.82507829
2026-08-15 09:00:00,181.96000000,84.99938889,36.13830653
2026-08-15 10:00:00,181.95994444,86.24297222,36.19329444
2026-08-15 11:00:00,181.95000000,87.46447222,36.26006867
2026-08-15 13:00:00,180.61566775,86.13247222,34.06679153
2026-08-15 14:00:00,179.93727778,84.65688889,34.40751944
2026-08-15 15:00:00,178.56383333,84.11716667,34.83301111
2026-08-15 16:00:00,177.20294444,83.97508333,35.00588611
2026-08-15 17:00:00,176.41061111,83.18527778,34.88730833
2026-08-15 18:00:00,176.16386111,82.04591667,34.67863333
2026-08-15 19:00:00,176.15208914,81.66627778,34.59603064
2026-08-15 20:00:00,176.17361111,82.05972222,34.65173333
2026-08-15 21:00:00,176.18186722,82.41670833,34.71587552
2026-08-15 23:00:00,173.36482143,78.89053571,29.75582143
2026-08-16 00:00:00,173.17961111,78.97911111,29.75001389
2026-08-16 01:00:00,173.02419444,79.29722222,29.93988333
2026-08-16 02:00:00,173.48450000,79.37438889,30.25633056
2026-08-16 03:00:00,174.54455556,78.88627778,30.49294722
2026-08-16 04:00:00,175.51094444,78.49611111,30.62241389
2026-08-16 05:00:00,175.78594444,79.31991667,30.68523056
2026-08-16 06:00:00,175.55958333,81.52702778,30.68805000
2026-08-16 07:00:00,175.35036789,83.95566667,30.66129766
2026-08-16 09:00:00,180.55109890,85.06930556,34.96816484
2026-08-16 10:00:00,180.54316667,83.95750000,34.95661944
2026-08-16 11:00:00,180.52211382,82.65647222,34.94158943
2026-08-16 13:00:00,175.91386760,80.91630556,33.61832056
2026-08-16 14:00:00,176.25805556,80.80250000,32.52919444
2026-08-16 15:00:00,176.29236111,81.13086111,31.07181944
2026-08-16 16:00:00,175.38725000,81.38761111,30.27700833
2026-08-16 17:00:00,173.60116667,80.98788889,30.31353611
2026-08-16 18:00:00,171.77433333,79.77680556,30.59340833
2026-08-16 19:00:00,170.77505556,78.06211111,30.65640278
2026-08-16 20:00:00,170.67450000,76.34038889,30.58946944
2026-08-16 21:00:00,170.89938889,75.17780556,30.59036667
2026-08-16 22:00:00,171.01992593,75.08341667,30.63265556
2026-08-16 23:00:00,175.74512195,76.17552778,30.18641463
2026-08-17 00:00:00,175.78336111,78.02836111,30.04910556
2026-08-17 01:00:00,176.33086111,79.94375000,30.64750833
2026-08-17 02:00:00,177.21805556,81.42319444,32.45411944
2026-08-17 03:00:00,177.66866667,82.43241667,34.56363333
2026-08-17 04:00:00,177.46847222,83.14363889,35.84922500
2026-08-17 05:00:00,177.21825000,83.45866667,36.07565278
2026-08-17 06:00:00,177.30733333,83.11888889,35.84879444
2026-08-17 07:00:00,177.49311321,82.27527778,35.69455031
2026-08-17 09:00:00,177.73000000,80.84883333,35.17811176
2026-08-17 10:00:00,177.73000000,80.44347222,35.16567778
2026-08-17 11:00:00,177.73000000,80.17997222,35.14111604
2026-08-17 13:00:00,175.08476534,79.98791667,33.36161733
2026-08-17 14:00:00,175.45194444,79.53291667,33.39269444
2026-08-17 15:00:00,176.29705556,78.92622222,32.54440000
2026-08-17 16:00:00,176.94455556,78.79741667,31.07308611
2026-08-17 17:00:00,176.89688889,79.31697222,30.09045278
2026-08-17 18:00:00,176.44077778,79.89322222,30.01549722
2026-08-17 19:00:00,176.22602778,80.01102778,30.19018889
2026-08-17 20:00:00,176.37483333,79.83491667,30.12351389
2026-08-17 21:00:00,176.54833333,79.71336879,29.98457801
2026-08-17 23:00:00,175.04444444,80.98000000,34.49922222
2026-08-18 00:00:00,175.34286111,80.88180556,34.26423056
2026-08-18 01:00:00,176.15727778,80.64044444,33.29156944
2026-08-18 02:00:00,176.80450000,80.66263889,32.26928889
2026-08-18 03:00:00,176.94366667,80.98672222,32.06479444
2026-08-18 04:00:00,176.85841667,81.15458333,32.51827778
2026-08-18 05:00:00,176.86622222,80.92863889,32.79990000
2026-08-18 06:00:00,176.93325000,80.56461111,32.65006389
2026-08-18 07:00:00,176.95545994,80.12575000,32.43961424
2026-08-18 09:00:00,176.33171975,77.73377778,34.45560510
2026-08-18 10:00:00,176.32763889,76.75033333,34.43632222
2026-08-18 11:00:00,176.31439169,77.49394444,34.40129377
2026-08-18 13:00:00,180.33000000,82.95522222,34.84021591
2026-08-18 14:00:00,180.33000000,84.65875000,34.84255556
2026-08-18 15:00:00,181.14744444,84.81319444,36.99257778
2026-08-18 16:00:00,180.80894444,84.25761111,36.83817222
2026-08-18 17:00:00,179.79608333,83.71375000,35.92689444
2026-08-18 18:00:00,178.82702778,83.29927778,34.74562778
2026-08-18 19:00:00,178.52655556,83.07363889,34.27997222
2026-08-18 20:00:00,178.74269444,83.11308333,34.57300833
2026-08-18 21:00:00,178.96351792,83.24257329,34.91732248
2026-08-18 23:00:00,171.45812500,79.19875000,31.53212500
2026-08-19 00:00:00,171.65538889,79.25436111,31.72783611
2026-08-19 01:00:00,172.06422222,79.23780556,32.22236944
2026-08-19 02:00:00,172.52697222,79.06572222,32.68799722
2026-08-19 03:00:00,173.14577778,78.93288889,32.87128611
2026-08-19 04:00:00,173.79236111,79.15430556,32.79411667
2026-08-19 05:00:00,174.10211111,79.97325000,32.71686389
2026-08-19 06:00:00,174.00747222,81.24163889,32.75836389
2026-08-19 07:00:00,173.82442254,82.33841667,32.82336620
2026-08-19 09:00:00,177.74324324,82.52691667,34.87321622
2026-08-19 10:00:00,177.75577778,82.54863889,34.85928611
2026-08-19 11:00:00,177.77141667,83.00266667,34.82275278
2026-08-19 12:00:00,177.78000000,83.35461111,34.81277273
2026-08-19 13:00:00,175.14542969,83.26655556,33.52543359
2026-08-19 14:00:00,176.06119444,83.18175000,33.15352222
2026-08-19 15:00:00,178.30883333,83.48322222,33.06062778
2026-08-19 16:00:00,180.61169444,83.67580556,33.57319722
2026-08-19 17:00:00,181.62966667,83.10500000,34.49620833
2026-08-19 18:00:00,181.36627778,82.11050000,35.24684722
2026-08-19 19:00:00,180.97566667,81.64805556,35.43728056
2026-08-19 20:00:00,181.09836111,81.88391667,35.27198611
2026-08-19 21:00:00,181.37957317,82.20782875,35.13086890
2026-08-20 00:00:00,174.62525316,80.46886076,29.67643038
2026-08-20 01:00:00,175.07166667,80.78105556,29.88441111
2026-08-20 02:00:00,175.96355556,81.27941667,30.72243333
2026-08-20 03:00:00,176.95133333,81.69463889,32.09921389
2026-08-20 04:00:00,177.68805556,81.64688889,33.34992500
2026-08-20 05:00:00,177.95516667,80.96225000,33.82544444
2026-08-20 06:00:00,177.86358333,79.92161111,33.63561667
2026-08-20 07:00:00,177.72152778,79.01422222,33.36398611
2026-08-20 08:00:00,177.68733333,78.46236111,33.29693333
2026-08-20 09:00:00,175.15000000,78.12444444,31.70256835
2026-08-20 10:00:00,175.17905292,77.86758333,31.69347632
2026-08-20 11:00:00,175.26183333,77.75102778,31.65545278
2026-08-20 12:00:00,175.29083333,77.80600000,31.63985417
2026-08-20 13:00:00,177.60457265,77.96613889,33.12153846
2026-08-20 14:00:00,177.57250000,78.38852778,33.04751944
2026-08-20 15:00:00,177.87744444,79.39033333,33.10242500
2026-08-20 16:00:00,178.30602778,80.82183333,33.33850278
2026-08-20 17:00:00,178.45197222,81.89144444,33.52881944
2026-08-20 18:00:00,178.23994444,82.00061111,33.48037222
2026-08-20 19:00:00,178.03091667,81.49463889,33.35055833
2026-08-20 20:00:00,178.07116667,81.19936111,33.35299444
2026-08-20 21:00:00,178.17650000,81.34466667,33.41284375
2026-08-20 22:00:00,178.23193939,81.55744479,33.44832121
2026-08-21 01:00:00,175.98686869,77.58222222,31.90733333
2026-08-21 02:00:00,176.16886111,77.65441667,32.52140833
2026-08-21 03:00:00,176.55662953,78.18975000,34.15775487
2026-08-21 04:00:00,176.91905028,79.34836111,35.56158380
2026-08-21 05:00:00,177.09263889,80.98930556,35.95628056
2026-08-21 06:00:00,177.06994444,82.74025000,35.72820278
2026-08-21 07:00:00,176.99205556,84.10161111,35.52304167
2026-08-21 08:00:00,176.96878788,84.60944444,35.48821212
2026-08-21 09:00:00,176.67781955,84.09872222,37.02530827
2026-08-21 10:00:00,177.29783333,82.91361111,36.95730278
2026-08-21 11:00:00,178.95108333,81.81722222,36.23809444
2026-08-21 12:00:00,180.52995215,81.53033333,35.15033971
2026-08-21 13:00:00,181.58892116,82.24666667,34.18523237
2026-08-21 14:00:00,182.32830556,83.52038889,33.24477222
2026-08-21 15:00:00,182.06362117,84.66255556,32.88646240
2026-08-21 16:00:00,180.82491667,85.24180556,32.94145556
2026-08-21 17:00:00,179.34897222,85.22777778,32.70269167
2026-08-21 18:00:00,178.31905292,84.87808333,32.15723955
2026-08-21 19:00:00,177.99691667,84.61108333,31.84574444
2026-08-21 20:00:00,178.13544444,84.64463889,31.94858889
2026-08-21 21:00:00,178.31733333,84.79613889,32.14568889
2026-08-21 22:00:00,178.37000000,84.86000000,32.21300000
2026-08-22 00:00:00,174.78152493,77.47222874,29.51532551
2026-08-22 01:00:00,175.28325000,78.90652778,30.01619444
2026-08-22 02:00:00,176.11602778,80.94261111,30.89206667
2026-08-22 03:00:00,176.78783333,82.59816667,31.84105000
2026-08-22 04:00:00,177.01016667,83.54383333,32.58475556
2026-08-22 05:00:00,176.96183333,83.83722222,32.91370278
2026-08-22 06:00:00,176.94302778,83.22405556,32.85783333
2026-08-22 07:00:00,176.99494444,81.42697222,32.70082778
2026-08-22 08:00:00,177.02075472,79.09886111,32.64866038
2026-08-22 09:00:00,179.76462687,77.84000000,35.07581343
2026-08-22 10:00:00,179.86247222,78.91438889,34.75075278
2026-08-22 11:00:00,180.07722222,81.95913889,33.73027500
2026-08-22 12:00:00,180.48229927,85.04941667,32.64148905
2026-08-22 13:00:00,180.97982609,86.17919444,32.05503913
2026-08-22 14:00:00,181.56547222,84.90297222,31.92815556
2026-08-22 15:00:00,181.94422222,82.61869444,32.19311667
2026-08-22 16:00:00,181.92022222,81.23877778,32.31421667
2026-08-22 17:00:00,181.79666667,81.49244444,32.16863611
2026-08-22 18:00:00,181.75686869,82.48569444,32.04612121
2026-08-25 09:00:00,183.73953488,85.34447222,35.61018605
2026-08-25 10:00:00,183.93130556,86.63944444,35.59611944
2026-08-25 11:00:00,183.89761111,87.09358333,35.47945000
2026-08-25 12:00:00,183.18997222,86.54238889,35.29349722
2026-08-25 13:00:00,182.18786111,85.46994444,35.17558333
2026-08-25 14:00:00,181.59775000,84.75119444,35.15952500
2026-08-25 15:00:00,181.64794444,84.77847222,35.16986944
2026-08-25 16:00:00,181.91477778,85.10597222,35.16598889
2026-08-25 17:00:00,182.02450980,85.24950980,35.16221569
2026-08-26 03:00:00,178.80318841,81.38898551,36.63223188
2026-08-26 04:00:00,178.74036111,81.54741667,36.44066944
2026-08-26 05:00:00,178.71444444,82.44255556,36.10297778
2026-08-26 06:00:00,178.74502778,83.77505556,36.04034444
2026-08-26 07:00:00,178.76338889,84.68047222,36.19766944
2026-08-26 08:00:00,178.76000000,84.74294444,36.29600763
2026-08-26 09:00:00,182.08283721,84.53025000,34.77505116
2026-08-26 10:00:00,181.56966667,84.86330556,35.03758611
2026-08-26 11:00:00,180.75477778,85.59316667,35.19582500
2026-08-26 12:00:00,179.99541667,85.67008333,35.25294722
2026-08-26 13:00:00,179.31816667,84.55272222,35.44393889
2026-08-26 14:00:00,178.66338889,82.94363889,35.68724722
2026-08-26 15:00:00,178.03402778,81.74041667,35.41033333
2026-08-26 16:00:00,177.15361111,80.75569444,34.02883889
2026-08-26 17:00:00,175.49019444,79.02227778,31.67398056
2026-08-26 18:00:00,173.19916667,76.20011111,29.36548056
2026-08-26 19:00:00,171.55436111,73.06505556,28.19120000
2026-08-26 20:00:00,171.43986111,70.52597222,28.22780278
2026-08-26 21:00:00,172.09363889,68.79066667,28.64354167
2026-08-26 22:00:00,172.45020408,67.84294444,28.82574830
2026-08-27 00:00:00,169.35888889,70.34863889,33.21228620
2026-08-27 01:00:00,170.74836111,74.21122222,33.37985556
2026-08-27 02:00:00,173.92000000,78.70047222,33.88213056
2026-08-27 03:00:00,177.73738889,82.59725000,34.69686389
2026-08-27 04:00:00,180.71952778,85.11430556,35.69807222
2026-08-27 05:00:00,181.97580556,86.02497222,36.45613333
2026-08-27 06:00:00,181.58427778,85.56047222,36.42179167
2026-08-27 07:00:00,180.29686111,84.21833333,35.60532500
2026-08-27 08:00:00,179.31701987,82.58505556,34.96838411
2026-08-27 09:00:00,178.75278970,81.37541667,34.76248927
2026-08-27 10:00:00,178.30650000,81.36833333,35.09697778
2026-08-27 11:00:00,178.28658333,82.73516667,36.15197222
2026-08-27 12:00:00,178.20975000,84.41166667,36.82171111
2026-08-27 13:00:00,177.38755556,84.77769444,36.18450833
2026-08-27 14:00:00,175.93080780,83.15791086,34.51886630
2026-08-27 15:00:00,174.68222222,80.23727778,32.87053056
2026-08-27 16:00:00,174.11152778,76.99075000,31.80053333
2026-08-27 17:00:00,173.58655556,73.93466667,30.86957222
2026-08-27 18:00:00,172.24838889,71.50808333,29.49333056
2026-08-27 19:00:00,170.47538889,70.28922222,28.00436944
2026-08-27 20:00:00,169.57277778,70.30052778,27.30786944
2026-08-27 21:00:00,169.86025000,70.88150000,27.53145000
2026-08-27 22:00:00,170.40861111,71.79227778,27.94097500
2026-08-27 23:00:00,170.56181818,73.66647222,28.05472727
2026-08-28 00:00:00,173.96072165,76.67833333,31.21056014
2026-08-28 01:00:00,174.34738889,79.49033333,31.62728611
2026-08-28 02:00:00,174.94241667,80.49655556,32.29138333
2026-08-28 03:00:00,175.66958333,79.71902778,32.85176389
2026-08-28 04:00:00,176.73472222,78.62425000,33.38981111
2026-08-28 05:00:00,178.03747222,78.45361111,34.03614167
2026-08-28 06:00:00,178.91350000,79.43927778,34.55434444
2026-08-28 07:00:00,178.81477778,81.15408333,34.70651389
2026-08-28 08:00:00,178.24239766,82.92055556,34.72884211
2026-08-28 09:00:00,177.69384906,84.15833333,34.91545660
2026-08-28 10:00:00,177.22191667,84.70158333,35.66871389
2026-08-28 11:00:00,177.31794444,84.64727778,37.03183889
2026-08-28 12:00:00,177.68605556,83.95608333,38.01182500
2026-08-28 13:00:00,177.54030556,82.48461111,37.49038889
2026-08-28 14:00:00,176.59327778,80.26152778,35.23174167
2026-08-28 15:00:00,175.23425000,77.52775000,32.27211944
2026-08-28 16:00:00,173.69877778,74.65605556,30.07621667
2026-08-28 17:00:00,171.63863889,72.10305556,29.22901944
2026-08-28 18:00:00,169.04236111,70.26536111,29.15172222
2026-08-28 19:00:00,166.97091667,69.42205556,29.10567222
2026-08-28 20:00:00,166.43055556,69.85094444,28.99373889
2026-08-28 21:00:00,166.94641667,71.67163889,28.98973889
2026-08-28 22:00:00,167.40182143,74.35830556,29.05162143
2026-08-29 00:00:00,168.89126354,78.34872222,31.42242960
2026-08-29 01:00:00,170.16691667,79.43827778,31.42138333
2026-08-29 02:00:00,171.94012048,80.83508333,31.47944980
2026-08-29 03:00:00,173.53044444,82.27502778,31.68261667
2026-08-29 04:00:00,174.66241667,82.62133333,32.07815278
2026-08-29 05:00:00,175.26286111,81.42711111,32.61421111
2026-08-29 06:00:00,175.92586111,79.77533333,33.40646667
2026-08-29 07:00:00,176.63663889,79.25400000,34.53283889
2026-08-29 08:00:00,176.90853403,80.32066667,35.44809424
2026-08-29 09:00:00,176.78578014,81.95336111,35.99490426
2026-08-29 10:00:00,176.34277778,82.84311111,36.04040000
2026-08-29 11:00:00,176.04155556,82.68475000,35.09305000
2026-08-29 12:00:00,176.27458333,82.12263889,33.81802500
2026-08-29 13:00:00,176.56816667,81.71800000,33.43741944
2026-08-29 14:00:00,176.23508333,81.41016667,34.36696944
2026-08-29 15:00:00,175.25811111,80.85530556,35.47984722
2026-08-29 16:00:00,174.05675000,79.76805556,34.97804722
2026-08-29 17:00:00,172.66186111,77.92733333,32.13690000
2026-08-29 18:00:00,170.94427778,75.35580556,28.18628889
2026-08-29 19:00:00,169.44050000,72.63605556,25.33101389
2026-08-29 20:00:00,168.93900000,70.70738889,24.65239167
2026-08-29 21:00:00,169.27405556,70.20077778,25.24279167
2026-08-29 22:00:00,169.64181818,71.06827778,25.74766883
2026-08-30 00:00:00,170.95222672,74.92755556,29.77090688
2026-08-30 01:00:00,172.85852778,76.92488889,29.75853333
2026-08-30 02:00:00,176.13108333,78.37375000,30.07264722
2026-08-30 03:00:00,178.12736111,79.00436111,30.70245000
2026-08-30 04:00:00,177.13705556,79.09150000,31.40663889
2026-08-30 05:00:00,174.31755556,79.36263889,31.84215556
2026-08-30 06:00:00,172.50505556,80.05533333,31.87835278
2026-08-30 07:00:00,173.22394444,80.32469444,31.84801111
2026-08-30 08:00:00,175.03535545,79.21355556,32.09138863
2026-08-30 09:00:00,176.74238908,77.23880556,32.58086689
2026-08-30 10:00:00,178.25255556,76.25969444,33.24180556
2026-08-30 11:00:00,178.78875000,77.44827778,33.44498056
2026-08-30 12:00:00,178.42633333,79.84680556,32.95031944
2026-08-30 13:00:00,177.59386111,81.27100000,32.34350833
2026-08-30 14:00:00,176.74397222,80.52188889,32.28757778
2026-08-30 15:00:00,176.26305556,78.47627778,32.81780278
2026-08-30 16:00:00,175.98394444,76.93616667,33.29035278
2026-08-30 17:00:00,175.11827778,76.58638889,32.88674167
2026-08-30 18:00:00,173.24430556,76.40113889,31.43386111
2026-08-30 19:00:00,171.19402778,75.10566667,29.83136111
2026-08-30 20:00:00,170.26466667,72.92838889,29.17292222
2026-08-30 21:00:00,170.55769444,71.51080556,29.43783611
2026-08-30 22:00:00,171.08486111,72.09644444,29.82393056
2026-08-30 23:00:00,171.22833333,74.29561111,29.91704167
2026-08-31 00:00:00,170.56732143,76.79972222,28.98209643
2026-08-31 01:00:00,171.07422222,78.71958333,29.73592222
2026-08-31 02:00:00,172.88844444,79.89472222,30.74429444
2026-08-31 03:00:00,175.50086111,80.49711111,31.72985556
2026-08-31 04:00:00,177.86238889,80.80816667,32.71370000
2026-08-31 05:00:00,179.35438889,81.10655556,33.76185000
2026-08-31 06:00:00,180.19250000,81.53411111,34.89341389
2026-08-31 07:00:00,180.86983333,82.14316667,36.06223333
2026-08-31 08:00:00,181.35683333,82.93602778,37.05444444
2026-08-31 09:00:00,181.05683333,83.55775000,37.55017500
2026-08-31 10:00:00,179.59908333,83.27091667,37.39218333
2026-08-31 11:00:00,177.44088889,81.80427778,36.61014722
2026-08-31 12:00:00,175.54958333,80.01594444,35.20033889
2026-08-31 13:00:00,174.62358333,79.08219444,33.32519722
2026-08-31 14:00:00,174.64708333,79.14152778,31.71848889
2026-08-31 15:00:00,175.00461111,79.21458333,31.22087222
2026-08-31 16:00:00,174.95627778,78.43791667,31.73892500
2026-08-31 17:00:00,174.25833333,76.99025000,32.32143889
2026-08-31 18:00:00,173.43391667,75.81672222,32.40198056
2026-08-31 19:00:00,173.17005556,75.55202778,32.28417500
2026-08-31 20:00:00,173.41308333,75.86752778,32.30348889
2026-08-31 21:00:00,173.64461847,76.12072000,32.38030924
2026-09-01 00:00:00,168.00856115,71.47730216,30.13889209
2026-09-01 01:00:00,169.46352778,72.62694444,30.54147778
2026-09-01 02:00:00,172.63608333,75.68636111,31.62612778
2026-09-01 03:00:00,175.82088889,79.41277778,32.70425833
2026-09-01 04:00:00,177.78327778,82.43772222,33.05418611
2026-09-01 05:00:00,178.71713889,84.28055556,32.77051389
2026-09-01 06:00:00,179.48536111,85.09522222,32.86140833
2026-09-01 07:00:00,180.42011111,85.09900000,34.20988889
2026-09-01 08:00:00,180.98408333,84.58408333,36.35603611
2026-09-01 09:00:00,180.42197222,84.03086111,37.62263889
2026-09-01 10:00:00,178.71211111,83.75350000,36.73778333
2026-09-01 11:00:00,176.71272222,83.58513889,34.24661389
2026-09-01 12:00:00,175.32313889,83.07619444,32.04668333
2026-09-01 13:00:00,174.77494444,81.84091667,31.49894167
2026-09-01 14:00:00,174.84211111,79.69666667,32.20109444
2026-09-01 15:00:00,175.18669444,76.90694444,32.71469444
2026-09-01 16:00:00,175.26663889,74.33047222,32.17617500
2026-09-01 17:00:00,174.58186111,72.82102778,30.93383056
2026-09-01 18:00:00,173.49916667,72.39008333,29.89734167
2026-09-01 19:00:00,173.02588889,72.39555556,29.61558333
2026-09-01 20:00:00,173.32880556,72.40186111,29.84822222
2026-09-01 21:00:00,173.69441176,72.38161765,30.07003309
2026-09-02 00:00:00,169.89519573,75.02284698,26.60501068
2026-09-02 01:00:00,171.16713889,75.79380556,28.54302778
2026-09-02 02:00:00,174.54269444,77.18569444,31.57882778
2026-09-02 03:00:00,178.64419444,78.70494444,33.97155556
2026-09-02 04:00:00,181.22486111,80.38625000,34.90408889
2026-09-02 05:00:00,181.06486111,82.46838889,34.81706111
2026-09-02 06:00:00,179.16100000,84.48008333,34.40939167
2026-09-02 07:00:00,177.83613889,85.37477778,33.87411667
2026-09-02 08:00:00,178.47819444,84.68844444,33.24684167
2026-09-02 09:00:00,180.20697222,83.00833333,32.82992500
2026-09-02 10:00:00,180.89880556,81.33255556,32.92529444
2026-09-02 11:00:00,179.48202778,80.37197222,33.44458056
2026-09-02 12:00:00,177.01716667,80.10611111,33.88451111
2026-09-02 13:00:00,175.38905556,79.72600000,33.60697500
2026-09-02 14:00:00,175.19861111,78.43311111,32.39294722
2026-09-02 15:00:00,175.25063889,76.47366667,30.75812778
2026-09-02 16:00:00,174.08419444,74.87202778,29.45342222
2026-09-02 17:00:00,171.71311111,74.15213889,28.73534444
2026-09-02 18:00:00,169.62250000,73.95644444,28.41946667
2026-09-02 19:00:00,169.03177778,73.87283333,28.33470278
2026-09-02 20:00:00,169.52455556,73.84683333,28.38156389
2026-09-02 21:00:00,169.98828767,73.87554795,28.43854110
2026-09-03 01:00:00,172.29974359,78.26256410,30.50062393
2026-09-03 02:00:00,172.84813889,78.34341667,31.04168056
2026-09-03 03:00:00,173.93388889,78.97558333,32.77931667
2026-09-03 04:00:00,174.52202778,80.29791667,34.73556389
2026-09-03 05:00:00,174.45841667,81.83425000,35.44196111
2026-09-03 06:00:00,174.61750000,82.82169444,34.41103611
2026-09-03 07:00:00,175.75152778,82.93313889,32.54553889
2026-09-03 08:00:00,177.60583333,82.51516667,31.11126111
2026-09-03 09:00:00,179.24602778,82.05166667,30.70104444
2026-09-03 10:00:00,179.92058333,81.73244444,31.16878889
2026-09-03 11:00:00,179.55616667,81.56094444,32.03216944
2026-09-03 12:00:00,178.61630556,81.44172222,32.77371944
2026-09-03 13:00:00,177.67102778,81.07769444,33.10684167
2026-09-03 14:00:00,177.13502778,80.14177778,33.08073889
2026-09-03 15:00:00,177.06442897,78.59618384,32.79178552
2026-09-03 16:00:00,176.84155556,76.64294444,32.14058611
2026-09-03 17:00:00,175.44647222,74.47791667,31.05612222
2026-09-03 18:00:00,172.68125000,72.30063889,29.83318056
2026-09-03 19:00:00,169.89975000,70.49950000,28.98039722
2026-09-03 20:00:00,168.71761111,69.67205556,28.73300833
2026-09-03 21:00:00,169.09191667,70.27725000,28.84379722
2026-09-03 22:00:00,169.73236111,72.10541667,28.96629444
2026-09-03 23:00:00,169.90606061,74.20233333,28.99169697
2026-09-04 00:00:00,167.82404110,75.65661111,27.01216781
2026-09-04 01:00:00,168.46969444,76.49333333,27.75375000
2026-09-04 02:00:00,170.05247222,77.37933333,29.16705833
2026-09-04 03:00:00,171.89352778,78.40455556,30.87900000
2026-09-04 04:00:00,173.20130556,78.73711111,32.62696667
2026-09-04 05:00:00,173.73469444,77.86477778,33.81010833
2026-09-04 06:00:00,173.95083333,76.75752778,33.64108889
2026-09-04 07:00:00,174.60144444,77.12200000,32.23330278
2026-09-04 08:00:00,176.03188889,79.46977778,30.97540000
2026-09-04 09:00:00,177.69838889,82.42777778,31.23908611
2026-09-04 10:00:00,178.54183333,84.13058333,32.94296667
2026-09-04 11:00:00,178.07841667,83.84641667,34.69985278
2026-09-04 12:00:00,176.95233333,82.11902778,35.09200000
2026-09-04 13:00:00,176.17616667,79.91158333,33.63607500
2026-09-04 14:00:00,175.90480556,77.91338889,30.96383611
2026-09-04 15:00:00,175.30511111,76.29627778,28.41715000
2026-09-04 16:00:00,173.72733333,74.88491667,27.14094722
2026-09-04 17:00:00,171.64100000,73.61263889,27.24502500
2026-09-04 18:00:00,170.14886111,72.74591667,27.86583889
2026-09-04 19:00:00,169.76516667,72.49800000,28.13831389
2026-09-04 20:00:00,170.02250000,72.64986111,27.98646389
2026-09-04 21:00:00,170.26482249,72.80937870,27.79796154
2026-09-05 00:00:00,167.83356667,73.36650000,31.01546333
2026-09-05 01:00:00,169.19455556,75.19525000,31.24308333
2026-09-05 02:00:00,171.54536111,78.65602778,30.92183611
2026-09-05 03:00:00,173.93633333,81.82438889,30.05381944
2026-09-05 04:00:00,176.14225000,83.24775000,29.54982222
2026-09-05 05:00:00,178.34611111,83.06800000,30.26405278
2026-09-05 06:00:00,180.01658333,82.42322222,32.06906111
2026-09-05 07:00:00,180.03597222,81.95483333,33.87890556
2026-09-05 08:00:00,178.25927778,81.21694444,34.55695000
2026-09-05 09:00:00,176.10155556,79.60366667,33.90286111
2026-09-05 10:00:00,175.00186111,77.51541667,32.76183611
2026-09-05 11:00:00,174.87675000,76.15175000,32.10793611
2026-09-05 12:00:00,174.62405556,76.14255556,32.04906111
2026-09-05 13:00:00,173.57344444,76.74225000,31.71194722
2026-09-05 14:00:00,171.89261111,76.65411111,30.22425000
2026-09-05 15:00:00,170.09219444,75.41491667,27.90632222
2026-09-05 16:00:00,168.67988889,73.60016667,26.17949167
2026-09-05 17:00:00,167.95872222,71.93750000,26.00321111
2026-09-05 18:00:00,167.80897222,70.81238889,26.76030833
2026-09-05 19:00:00,167.84394444,70.39977778,27.18383611
2026-09-05 20:00:00,167.83361111,70.53930556,26.97095000
2026-09-05 21:00:00,167.79892655,70.77511299,26.67101977
2026-09-06 00:00:00,169.41742671,76.94182410,29.36906189
2026-09-06 01:00:00,169.92075000,77.56391667,30.38112778
2026-09-06 02:00:00,171.54430556,78.68105556,31.66694444
2026-09-06 03:00:00,174.04363889,79.93777778,32.09130556
2026-09-06 04:00:00,176.42988889,81.26761111,31.39030833
2026-09-06 05:00:00,177.81072222,82.54100000,30.69519444
2026-09-06 06:00:00,178.30916667,83.25311111,31.34056389
2026-09-06 07:00:00,178.70180556,83.01741667,33.23908889
2026-09-06 08:00:00,179.22658333,82.20777778,34.93773889
2026-09-06 09:00:00,179.39872222,81.67786111,35.25940833
2026-09-06 10:00:00,178.97513889,81.80458333,34.44513889
2026-09-06 11:00:00,178.42488889,81.94033333,33.60314722
2026-09-06 12:00:00,178.19941667,81.04272222,33.42583611
2026-09-06 13:00:00,177.99950000,79.02527778,33.65711667
2026-09-06 14:00:00,177.09033333,77.13686111,33.61944167
2026-09-06 15:00:00,175.16627778,76.52711111,33.02655833
2026-09-06 16:00:00,172.71313889,76.68302778,32.13508611
2026-09-06 17:00:00,170.54597222,75.99225000,31.20180556
2026-09-06 18:00:00,169.16541667,73.81725000,30.21455278
2026-09-06 19:00:00,168.54205556,71.39694444,29.29587222
2026-09-06 20:00:00,168.38550000,70.33586111,28.84878889
2026-09-06 21:00:00,168.41986111,70.67086111,28.95164722
2026-09-06 22:00:00,168.47877778,71.24705556,29.19421944
2026-09-06 23:00:00,168.49558824,71.40470588,29.26594118
2026-09-07 03:00:00,175.12554745,81.05173913,31.00420438
2026-09-07 04:00:00,174.52694444,80.70177778,31.14143056
2026-09-07 05:00:00,173.36125000,80.11972222,31.64711111
2026-09-07 06:00:00,173.02772222,80.08036111,32.49675000
2026-09-07 07:00:00,174.49222222,80.70727778,33.48433333
2026-09-07 08:00:00,177.01388889,81.09700000,34.42200000
2026-09-07 09:00:00,178.63261111,80.23922222,35.17643333
2026-09-07 10:00:00,178.13647222,78.19038889,35.61788056
2026-09-07 11:00:00,176.20386111,76.08638889,35.62523611
2026-09-07 12:00:00,174.45094444,75.05550000,35.01921111
2026-09-07 13:00:00,173.75313889,75.20588889,33.62346389
2026-09-07 14:00:00,173.73305556,75.67725000,31.74081667
2026-09-07 15:00:00,173.58225000,75.58344444,30.35959444
2026-09-07 16:00:00,172.93927778,74.81338889,30.26635556
2026-09-07 17:00:00,172.02783333,73.88630556,31.05579167
2026-09-07 18:00:00,171.27863889,73.29411111,31.64096944
2026-09-07 19:00:00,170.97769444,73.12663889,31.65165833
2026-09-07 20:00:00,171.05905556,73.18666667,31.52027778
2026-09-07 21:00:00,171.21775000,73.26397222,31.51827778
2026-09-07 22:00:00,171.26470588,73.28235294,31.53758824
2026-09-08 00:00:00,168.36536424,74.57056291,29.61098013
2026-09-08 01:00:00,169.46669444,76.42033333,29.63236667
2026-09-08 02:00:00,171.75561111,79.34700000,30.30175000
2026-09-08 03:00:00,174.19111111,81.67313889,31.57346111
2026-09-08 04:00:00,175.56850000,82.28241667,32.67809167
2026-09-08 05:00:00,175.66713889,81.38827778,33.05341944
2026-09-08 06:00:00,175.34233333,79.94213889,32.97348333
2026-09-08 07:00:00,175.33622222,78.57075000,32.94479444
2026-09-08 08:00:00,175.54638889,77.47422222,33.03257222
2026-09-08 09:00:00,175.64675926,77.05155556,33.08032407
2026-09-09 22:00:00,160.43794872,66.80600000,16.33461538
2026-09-10 00:00:00,164.66920000,70.53750000,27.07164857
2026-09-10 01:00:00,164.92972222,73.36141667,27.07753889
2026-09-10 02:00:00,167.64280556,76.51344444,27.99771389
2026-09-10 03:00:00,172.32775000,78.80977778,29.61731389
2026-09-10 04:00:00,176.34072222,78.99705556,31.06283333
2026-09-10 05:00:00,177.26219444,77.35066667,31.61985278
2026-09-10 06:00:00,175.34983333,75.93602778,31.47254167
2026-09-10 07:00:00,173.09333333,76.57152778,31.47784722
2026-09-10 08:00:00,172.50405556,78.59813889,32.12769167
2026-09-10 09:00:00,173.48888889,79.52997222,32.98041389
2026-09-10 10:00:00,174.78644444,78.15597222,33.31879444
2026-09-10 11:00:00,175.70175000,76.18791667,33.08171667
2026-09-10 12:00:00,176.34636111,76.07083333,32.74035833
2026-09-10 13:00:00,176.63044568,77.72591667,32.44552368
2026-09-10 14:00:00,175.99569444,78.61233333,31.80979444
2026-09-10 15:00:00,174.26644444,76.94130556,30.61494722
2026-09-10 16:00:00,172.05305556,73.61050000,29.34020000
2026-09-10 17:00:00,169.99513889,70.66830556,28.65805000
2026-09-10 18:00:00,168.13419444,68.96272222,28.56544722
2026-09-10 19:00:00,166.23416667,67.86908333,28.32966667
2026-09-10 20:00:00,164.42394444,66.59097222,27.33482778
2026-09-10 21:00:00,163.32341667,65.14036212,25.82615833
2026-09-10 22:00:00,163.51127778,64.37552778,24.79678611
2026-09-10 23:00:00,164.12769231,65.34875000,24.72592308
2026-09-11 00:00:00,165.17694678,68.25061111,25.25902801
2026-09-11 01:00:00,167.83188889,71.79155556,27.13008611
2026-09-11 02:00:00,171.31941667,74.16116667,29.39432500
2026-09-11 03:00:00,174.87258333,74.89261111,30.95143611
2026-09-11 04:00:00,176.94438889,75.16369444,31.40525833
2026-09-11 05:00:00,176.45691667,76.02216667,31.03790556
2026-09-11 06:00:00,174.15602778,77.11038889,30.42861667
2026-09-11 07:00:00,172.06713889,77.53713889,30.21135000
2026-09-11 08:00:00,171.67280556,77.21972222,30.79496944
2026-09-11 09:00:00,173.01080556,76.83186111,32.06440556
2026-09-11 10:00:00,175.23600000,76.92213889,33.50227778
2026-09-11 11:00:00,177.40219444,77.40833333,34.57678889
